,Model,Parameters,Accuracy Train,Precision Train,Recall Train,F1 Train,FPR Train Plot,TPR Train Plot,ROC AUC Train,Precision Train Plot,Recall Train Plot,PR AUC Train,Accuracy Test,Precision Test,Recall Test,F1 Test,FPR Test Plot,TPR Test Plot,ROC AUC Test,Precision Test Plot,Recall Test Plot,PR AUC Test,Time Fit,Time Predict
0,AdaBoost,"Learning rate=1, Number of trees=50",0.7048953380494027,0.7063073347026261,0.7048953380494027,0.7043895380695994,[0.         0.         0.         ... 0.99992752 0.99995651 1.        ],"[0.00000000e+00 1.44961150e-05 1.01472805e-04 ... 1.00000000e+00
 1.00000000e+00 1.00000000e+00]",0.7774688074133068,[0.50001812 0.5000145  0.50002175 ... 1.         1.         1.        ],"[1.00000000e+00 9.99985504e-01 9.99985504e-01 ... 2.89922301e-05
 1.44961150e-05 0.00000000e+00]",0.784960413878645,0.6574613985165835,0.7698385932407658,0.6574613985165835,0.6907275832974198,[0.         0.         0.         ... 0.99928927 0.99976309 1.        ],"[0.00000000e+00 5.80855019e-05 5.22769517e-04 ... 9.99767658e-01
 1.00000000e+00 1.00000000e+00]",0.7087672475822341,[0.80313491 0.80317312 0.80327639 ... 1.         1.         1.        ],"[1.00000000e+00 9.99767658e-01 9.99709572e-01 ... 1.16171004e-04
 5.80855019e-05 0.00000000e+00]",0.9061790563962455,54.60092115402222,0.7576401233673096
