,Model,Parameters,Accuracy Train,Precision Train,Recall Train,F1 Train,FPR Train Plot,TPR Train Plot,ROC AUC Train,Precision Train Plot,Recall Train Plot,PR AUC Train,Accuracy Test,Precision Test,Recall Test,F1 Test,FPR Test Plot,TPR Test Plot,ROC AUC Test,Precision Test Plot,Recall Test Plot,PR AUC Test,Time Fit,Time Predict,Precision Non-functioning Test,Recall Non-functioning Test,F1 Non-functioning Test,Precision Functioning Test,Recall Functioning Test,Functioning Test
0,Neural Network,"Max depth=24, Min samples leaf=25, Criterion=entropy",,,,,[0.         0.         0.         ... 0.99221559 0.99221559 1.        ],"[0.00000000e+00 1.44961150e-05 8.55270787e-04 ... 9.99985504e-01
 1.00000000e+00 1.00000000e+00]",0.8673215493481714,[0.50195371 0.50195008 0.50195374 ... 1.         1.         1.        ],"[1.00000000e+00 9.99985504e-01 9.99985504e-01 ... 2.89922301e-05
 1.44961150e-05 0.00000000e+00]",0.8725034901223557,,,,,[0.         0.         0.         ... 0.97986259 1.         1.        ],"[0.00000000e+00 5.80855019e-05 1.80065056e-03 ... 9.99941914e-01
 9.99941914e-01 1.00000000e+00]",0.7885844195776296,[0.80309745 0.80308826 0.80312573 ... 1.         1.         1.        ],"[1.00000000e+00 9.99941914e-01 9.99941914e-01 ... 1.16171004e-04
 5.80855019e-05 0.00000000e+00]",0.9319633915031875,223.6340410709381,0.6959719657897949,0.41,0.66,0.5,0.9,0.76,0.83
